Wall time,Step,Value
1761635141.0835884,0,91.80244445800781
1761635158.722784,1,90.60590362548828
1761635175.7886,2,90.96231842041016
1761635192.2261665,3,89.33299255371094
1761635209.0096622,4,91.24236297607422
1761635226.3369126,5,90.35132598876953
1761635243.5976374,6,90.22402954101562
1761635260.8682685,7,90.96231842041016
1761635278.0041497,8,91.08961486816406
1761635294.4187002,9,90.5804443359375
1761635311.0692618,10,90.35132598876953
1761635328.3741817,11,90.63136291503906
1761635345.280281,12,89.96945190429688
1761635362.2089107,13,91.3696517944336
1761635379.0999932,14,91.08961486816406
1761635396.1611712,15,90.98777770996094
1761635413.3886154,16,90.91140747070312
1761635430.2918925,17,91.01323699951172
1761635447.0399258,18,90.91140747070312
1761635464.4084907,19,90.9368667602539
